{"epoch_1": {"scores": {"accr": 0.9521, "loss": 0.17231117060780526}}, "epoch_0": {"scores": {"accr": 0.9233, "loss": 0.2859945572733879}}}