{"epoch_0": {"scores": {"accr": 0.9416, "loss": 0.20437262874245643}}, "epoch_1": {"scores": {"accr": 0.9622, "loss": 0.12900197561085225}}}