{"epoch_16": {"scores": {"loss": 0.021941033433511437, "accr": 0.9932}}, "epoch_6": {"scores": {"loss": 0.025419372809922788, "accr": 0.9914}}, "epoch_4": {"scores": {"loss": 0.02912917554951273, "accr": 0.99}}, "epoch_1": {"scores": {"loss": 0.05201406321758404, "accr": 0.9831}}, "epoch_10": {"scores": {"loss": 0.02233711262292345, "accr": 0.9925}}, "epoch_18": {"scores": {"loss": 0.02094349037306456, "accr": 0.9932}}, "epoch_13": {"scores": {"loss": 0.02116156620450638, "accr": 0.9932}}, "epoch_14": {"scores": {"loss": 0.024249815709959512, "accr": 0.9922}}, "epoch_8": {"scores": {"loss": 0.025477727411865634, "accr": 0.9916}}, "epoch_5": {"scores": {"loss": 0.027807424021954647, "accr": 0.9898}}, "epoch_19": {"scores": {"loss": 0.01981804488717944, "accr": 0.9936}}, "epoch_11": {"scores": {"loss": 0.0237883431386359, "accr": 0.9916}}, "epoch_9": {"scores": {"loss": 0.025403928939973775, "accr": 0.9922}}, "epoch_0": {"scores": {"loss": 0.07519359542238525, "accr": 0.9751}}, "epoch_15": {"scores": {"loss": 0.02123506436136813, "accr": 0.993}}, "epoch_17": {"scores": {"loss": 0.020701976794468918, "accr": 0.9933}}, "epoch_3": {"scores": {"loss": 0.03202426484088064, "accr": 0.989}}, "epoch_12": {"scores": {"loss": 0.02652650232489832, "accr": 0.9918}}, "epoch_7": {"scores": {"loss": 0.026149993513419758, "accr": 0.9917}}, "epoch_2": {"scores": {"loss": 0.03996097778507974, "accr": 0.9862}}}