{"epoch_1": {"scores": {"accr": 0.9621, "loss": 0.124393143350631}}, "epoch_0": {"scores": {"accr": 0.9443, "loss": 0.1860834680005908}}}