{"epoch_0": {"scores": {"accr": 0.9388, "loss": 0.21570335450172423}}, "epoch_1": {"scores": {"accr": 0.9616, "loss": 0.13432172873094678}}}