{"epoch_0": {"scores": {"loss": 0.19365854068100452, "accr": 0.9414}}, "epoch_1": {"scores": {"loss": 0.13144801426380873, "accr": 0.9611}}}