{"epoch_16": {"scores": {"loss": 0.028879586605925395, "accr": 0.9922}}, "epoch_6": {"scores": {"loss": 0.02473045940605698, "accr": 0.9921}}, "epoch_4": {"scores": {"loss": 0.0318800128335366, "accr": 0.99}}, "epoch_1": {"scores": {"loss": 0.0359122864714358, "accr": 0.989}}, "epoch_10": {"scores": {"loss": 0.02540847068193607, "accr": 0.9929}}, "epoch_18": {"scores": {"loss": 0.03611448646986487, "accr": 0.9915}}, "epoch_13": {"scores": {"loss": 0.030391783429711314, "accr": 0.9917}}, "epoch_14": {"scores": {"loss": 0.029512235795450942, "accr": 0.9923}}, "epoch_8": {"scores": {"loss": 0.028666279925866275, "accr": 0.9909}}, "epoch_5": {"scores": {"loss": 0.028440756945629257, "accr": 0.9908}}, "epoch_19": {"scores": {"loss": 0.025513777514263484, "accr": 0.9941}}, "epoch_11": {"scores": {"loss": 0.023516702752009677, "accr": 0.9933}}, "epoch_9": {"scores": {"loss": 0.02428774692603547, "accr": 0.9934}}, "epoch_0": {"scores": {"loss": 0.05015033153383992, "accr": 0.9823}}, "epoch_15": {"scores": {"loss": 0.027525081706133186, "accr": 0.9925}}, "epoch_17": {"scores": {"loss": 0.02792724939352388, "accr": 0.992}}, "epoch_3": {"scores": {"loss": 0.03486559074758552, "accr": 0.9883}}, "epoch_12": {"scores": {"loss": 0.02928680654886757, "accr": 0.9924}}, "epoch_7": {"scores": {"loss": 0.02662549696739261, "accr": 0.9918}}, "epoch_2": {"scores": {"loss": 0.03279161910021212, "accr": 0.9885}}}