{"epoch_0": {"scores": {"accr": 0.9505, "loss": 0.16668740513548255}}, "epoch_1": {"scores": {"accr": 0.9652, "loss": 0.10946155238058418}}}