{"epoch_16": {"scores": {"loss": 0.024750799407962404, "accr": 0.9921}}, "epoch_6": {"scores": {"loss": 0.032692224795738, "accr": 0.9888}}, "epoch_4": {"scores": {"loss": 0.03623067152738804, "accr": 0.9871}}, "epoch_1": {"scores": {"loss": 0.05588695964091457, "accr": 0.9819}}, "epoch_10": {"scores": {"loss": 0.0259227081299352, "accr": 0.9909}}, "epoch_18": {"scores": {"loss": 0.024223610398920938, "accr": 0.9921}}, "epoch_13": {"scores": {"loss": 0.027978343606804266, "accr": 0.99}}, "epoch_14": {"scores": {"loss": 0.026695076882218564, "accr": 0.9907}}, "epoch_8": {"scores": {"loss": 0.02894024698959547, "accr": 0.9909}}, "epoch_5": {"scores": {"loss": 0.03297405712496256, "accr": 0.9903}}, "epoch_19": {"scores": {"loss": 0.02878430629598006, "accr": 0.9915}}, "epoch_11": {"scores": {"loss": 0.028869158313921072, "accr": 0.99}}, "epoch_9": {"scores": {"loss": 0.028990515229881567, "accr": 0.9906}}, "epoch_0": {"scores": {"loss": 0.07386648143781349, "accr": 0.9752}}, "epoch_15": {"scores": {"loss": 0.024834375846961482, "accr": 0.9915}}, "epoch_17": {"scores": {"loss": 0.02630811871473452, "accr": 0.9911}}, "epoch_3": {"scores": {"loss": 0.04200214079690631, "accr": 0.9866}}, "epoch_12": {"scores": {"loss": 0.02955286397002201, "accr": 0.9903}}, "epoch_7": {"scores": {"loss": 0.03227406299279537, "accr": 0.9892}}, "epoch_2": {"scores": {"loss": 0.04528458214052953, "accr": 0.9852}}}