{"epoch_1": {"scores": {"accr": 0.9508, "loss": 0.16503074979186058}}, "epoch_0": {"scores": {"accr": 0.9294, "loss": 0.24732632617354394}}}