{"epoch_0": {"scores": {"loss": 0.18869669042080642, "accr": 0.9432}}, "epoch_1": {"scores": {"loss": 0.11646245409473777, "accr": 0.9644}}}