{"epoch_0": {"scores": {"accr": 0.9402, "loss": 0.20407350149154663}}, "epoch_1": {"scores": {"accr": 0.9597, "loss": 0.12889784375205637}}}