{"epoch_1": {"scores": {"loss": 0.15940103446394205, "accr": 0.9523}}, "epoch_0": {"scores": {"loss": 0.2636681821614504, "accr": 0.9192}}}