{"epoch_16": {"scores": {"loss": 0.036459013869272985, "accr": 0.9884}}, "epoch_6": {"scores": {"loss": 0.036665054643590704, "accr": 0.9889}}, "epoch_4": {"scores": {"loss": 0.034811540174804395, "accr": 0.9873}}, "epoch_1": {"scores": {"loss": 0.05119349867226556, "accr": 0.9832}}, "epoch_10": {"scores": {"loss": 0.03769994313014686, "accr": 0.9874}}, "epoch_18": {"scores": {"loss": 0.038215321239336575, "accr": 0.9893}}, "epoch_13": {"scores": {"loss": 0.03435276733845167, "accr": 0.99}}, "epoch_14": {"scores": {"loss": 0.03741524263131523, "accr": 0.9895}}, "epoch_8": {"scores": {"loss": 0.03248436502743279, "accr": 0.9901}}, "epoch_5": {"scores": {"loss": 0.04309402786961291, "accr": 0.9862}}, "epoch_19": {"scores": {"loss": 0.036253668641690454, "accr": 0.9898}}, "epoch_11": {"scores": {"loss": 0.03182454037605785, "accr": 0.9903}}, "epoch_9": {"scores": {"loss": 0.035457341672202165, "accr": 0.9889}}, "epoch_0": {"scores": {"loss": 0.0723969033665955, "accr": 0.9766}}, "epoch_15": {"scores": {"loss": 0.03978680465110065, "accr": 0.9903}}, "epoch_17": {"scores": {"loss": 0.03718417877279453, "accr": 0.9897}}, "epoch_3": {"scores": {"loss": 0.04150846998544876, "accr": 0.9849}}, "epoch_12": {"scores": {"loss": 0.036363071511622186, "accr": 0.9879}}, "epoch_7": {"scores": {"loss": 0.03722514634960171, "accr": 0.9884}}, "epoch_2": {"scores": {"loss": 0.04826630325922743, "accr": 0.9837}}}