{"epoch_1": {"scores": {"loss": 0.13755020295903087, "accr": 0.9553}}, "epoch_0": {"scores": {"loss": 0.21570701351761817, "accr": 0.9369}}}