{"epoch_1": {"scores": {"accr": 0.9454, "loss": 0.19180760552585124}}, "epoch_0": {"scores": {"accr": 0.9197, "loss": 0.2847149212658405}}}