{"epoch_1": {"scores": {"accr": 0.9195, "loss": 0.28406653175354}}, "epoch_0": {"scores": {"accr": 0.8889, "loss": 0.41695972144603727}}}