{"epoch_0": {"scores": {"accr": 0.9211, "loss": 0.2786811287999153}}, "epoch_1": {"scores": {"accr": 0.9452, "loss": 0.19021831260919572}}}