{"epoch_16": {"scores": {"loss": 0.0340461271943067, "accr": 0.9905}}, "epoch_6": {"scores": {"loss": 0.030831800326309167, "accr": 0.9898}}, "epoch_4": {"scores": {"loss": 0.034180796674784505, "accr": 0.9892}}, "epoch_1": {"scores": {"loss": 0.04668909188471734, "accr": 0.9835}}, "epoch_10": {"scores": {"loss": 0.033885585526006796, "accr": 0.9898}}, "epoch_18": {"scores": {"loss": 0.03164022629250467, "accr": 0.9908}}, "epoch_13": {"scores": {"loss": 0.03329404120767576, "accr": 0.9904}}, "epoch_14": {"scores": {"loss": 0.03238359587430368, "accr": 0.991}}, "epoch_8": {"scores": {"loss": 0.029895627086742933, "accr": 0.9894}}, "epoch_5": {"scores": {"loss": 0.030329014089977135, "accr": 0.9898}}, "epoch_19": {"scores": {"loss": 0.0344033083819409, "accr": 0.9903}}, "epoch_11": {"scores": {"loss": 0.02918769764826502, "accr": 0.9905}}, "epoch_9": {"scores": {"loss": 0.031749229581448525, "accr": 0.9903}}, "epoch_0": {"scores": {"loss": 0.06812855928950012, "accr": 0.9789}}, "epoch_15": {"scores": {"loss": 0.03675002797015668, "accr": 0.9904}}, "epoch_17": {"scores": {"loss": 0.036071177249775925, "accr": 0.9901}}, "epoch_3": {"scores": {"loss": 0.034311600930429995, "accr": 0.989}}, "epoch_12": {"scores": {"loss": 0.03476028235126264, "accr": 0.9901}}, "epoch_7": {"scores": {"loss": 0.03106919199559052, "accr": 0.9892}}, "epoch_2": {"scores": {"loss": 0.03882016061784234, "accr": 0.9867}}}