{"epoch_0": {"scores": {"accr": 0.9359, "loss": 0.2220832493007183}}, "epoch_1": {"scores": {"accr": 0.9619, "loss": 0.1270467566691339}}}