{"epoch_16": {"scores": {"loss": 0.044152366964319574, "accr": 0.9897}}, "epoch_6": {"scores": {"loss": 0.02827320397884032, "accr": 0.9913}}, "epoch_4": {"scores": {"loss": 0.03005523787934799, "accr": 0.9901}}, "epoch_1": {"scores": {"loss": 0.043687993435072715, "accr": 0.9854}}, "epoch_10": {"scores": {"loss": 0.025895926962867633, "accr": 0.9924}}, "epoch_18": {"scores": {"loss": 0.03177417003820628, "accr": 0.9921}}, "epoch_13": {"scores": {"loss": 0.028731346693820433, "accr": 0.9913}}, "epoch_14": {"scores": {"loss": 0.029730030614575118, "accr": 0.9919}}, "epoch_8": {"scores": {"loss": 0.02876305368131252, "accr": 0.9916}}, "epoch_5": {"scores": {"loss": 0.03072559723714694, "accr": 0.9898}}, "epoch_19": {"scores": {"loss": 0.03311880049221245, "accr": 0.9909}}, "epoch_11": {"scores": {"loss": 0.029751568665055402, "accr": 0.9917}}, "epoch_9": {"scores": {"loss": 0.02630302431781165, "accr": 0.9922}}, "epoch_0": {"scores": {"loss": 0.06703773169489577, "accr": 0.9776}}, "epoch_15": {"scores": {"loss": 0.03467011977385346, "accr": 0.991}}, "epoch_17": {"scores": {"loss": 0.03039957125973224, "accr": 0.9925}}, "epoch_3": {"scores": {"loss": 0.03350049139462062, "accr": 0.9875}}, "epoch_12": {"scores": {"loss": 0.028511211783425826, "accr": 0.9921}}, "epoch_7": {"scores": {"loss": 0.027329935073928936, "accr": 0.991}}, "epoch_2": {"scores": {"loss": 0.03354369257282233, "accr": 0.9903}}}