{"epoch_1": {"scores": {"accr": 0.9576, "loss": 0.1435902940467}}, "epoch_0": {"scores": {"accr": 0.9379, "loss": 0.21807347224652768}}}